category,store,product_name,price,search_term,store_url
Coffee Mugs,EarthHero,Hydro Flask Coffee Mug 24oz | EarthHero,32.95,Coffee Mug,https://earthhero.com
Coffee Mugs,EarthHero,Hydro Flask Coffee Mug 12oz | EarthHero,27.95,Coffee Mug,https://earthhero.com
Coffee Mugs,EarthHero,Frank Green Ceramic Coffee Mug - Sustainable Coffee Mug - Frank Green | EarthHero,35.95,Coffee Mug,https://earthhero.com
Coffee Mugs,EarthHero,Hydro Flask Flex Sip Coffee Mug 16oz or 20oz | EarthHero,32.95,Coffee Mug,https://earthhero.com
Coffee Mugs,EarthHero,United by Blue Potters Ceramic Mug 16oz | EarthHero,32.0,Coffee Mug,https://earthhero.com
Coffee Mugs,EarthHero,Mexican Hot Chocolate Mugs Set,20.0,Coffee Mug,https://earthhero.com
Coffee Mugs,EarthHero,Dropps Dishwasher Detergent Pods | EarthHero,14.99,Coffee Mug,https://earthhero.com
Coffee Mugs,EarthHero,ZWS Essentials Reusable Paper Towels - 12 or 24 Pack | EarthHero,25.99,Coffee Mug,https://earthhero.com
Coffee Mugs,EarthHero,EarthHero Gift Card | EarthHero,5.0,Coffee Mug,https://earthhero.com
Coffee Mugs,EarthHero,Hero Essentials Kit,142.99,Coffee Mug,https://earthhero.com
Coffee Mugs,EarthHero,Plaine Products,3000.0,Coffee Mug,https://earthhero.com
Coffee Mugs,EarthHero,ZWS Essentials Plastic-Free Toilet Brush | EarthHero,32.99,Coffee Mug,https://earthhero.com
Coffee Mugs,EarthHero,Menstrual Products | Shop Eco-Friendly on EarthHero,4699.0,Coffee Mug,https://earthhero.com
Coffee Mugs,EarthHero,Hydro Flask Flex Sip Coffee Mug 16oz or 20oz | EarthHero,32.95,Coffee Mug,https://earthhero.com
Coffee Mugs,EarthHero,Dropps Dishwasher Detergent Pods | EarthHero,14.99,Coffee Mug,https://earthhero.com
Coffee Mugs,EarthHero,Hydro Flask Coffee Mug 24oz | EarthHero,32.95,Coffee Mug,https://earthhero.com
Coffee Mugs,EarthHero,ZWS Essentials Reusable Paper Towels - 12 or 24 Pack | EarthHero,25.99,Coffee Mug,https://earthhero.com
Coffee Mugs,GOODEE,Mug with Handle,2500.0,Coffee Mug,https://www.goodeeworld.com
Coffee Mugs,GOODEE,Espresso Cup,2200.0,Coffee Mug,https://www.goodeeworld.com
Coffee Mugs,GOODEE,Hoff Ø18 Planter,4600.0,Coffee Mug,https://www.goodeeworld.com
Coffee Mugs,GOODEE,Pebble Lighter,14900.0,Coffee Mug,https://www.goodeeworld.com
Coffee Mugs,GOODEE,Palace Plate 220,4900.0,Coffee Mug,https://www.goodeeworld.com
Coffee Mugs,GOODEE,Hoff Ø18 Saucer,2300.0,Coffee Mug,https://www.goodeeworld.com
Coffee Mugs,GOODEE,Virtual Gift Card,5000.0,Coffee Mug,https://www.goodeeworld.com
Coffee Mugs,GOODEE,Sentei Garden Scissors,3500.0,Coffee Mug,https://www.goodeeworld.com
Coffee Mugs,GOODEE,Art Corner Set,75000.0,Coffee Mug,https://www.goodeeworld.com
Coffee Mugs,GOODEE,Kapok Mattress Topper Rectangular,19000.0,Coffee Mug,https://www.goodeeworld.com
Coffee Mugs,GOODEE,Wooden Waste Basket with Lid - Small,16000.0,Coffee Mug,https://www.goodeeworld.com
Coffee Mugs,GOODEE,Medium Woven Short Basket,12500.0,Coffee Mug,https://www.goodeeworld.com
Coffee Mugs,GOODEE,Birch Peg Rail,1800.0,Coffee Mug,https://www.goodeeworld.com
Coffee Mugs,GOODEE,Hoff Ø14 Planter,2800.0,Coffee Mug,https://www.goodeeworld.com
Coffee Mugs,GOODEE,Julie Ø12 Planter & Saucer,2100.0,Coffee Mug,https://www.goodeeworld.com
Coffee Mugs,GOODEE,Pebble Lighter - Exclusive,14900.0,Coffee Mug,https://www.goodeeworld.com
Coffee Mugs,GOODEE,The Fazeley Flow (One Pint),6900.0,Coffee Mug,https://www.goodeeworld.com
Coffee Mugs,Package Free Shop,Bamboo Hairbrush,2000.0,Coffee Mug,https://packagefreeshop.com
Coffee Mugs,Package Free Shop,Package Free Biodegradable Hair Ties Pack,1500.0,Coffee Mug,https://packagefreeshop.com
Coffee Mugs,Package Free Shop,Adult Toothbrush - 2 pack,900.0,Coffee Mug,https://packagefreeshop.com
Coffee Mugs,Package Free Shop,Package Free Sustainable Cocktail Bundle,1560.0,Coffee Mug,https://packagefreeshop.com
Coffee Mugs,Package Free Shop,Box Laundry Detergent,2800.0,Coffee Mug,https://packagefreeshop.com
Coffee Mugs,Package Free Shop,Package Free Water Bottle Kit,3600.0,Coffee Mug,https://packagefreeshop.com
Coffee Mugs,Package Free Shop,Kraft Tape,900.0,Coffee Mug,https://packagefreeshop.com
Coffee Mugs,Package Free Shop,Package Free Hair Bundle in Lavender,3480.0,Coffee Mug,https://packagefreeshop.com
Coffee Mugs,Package Free Shop,The Simplest Baby Bottle & Dish Soap,900.0,Coffee Mug,https://packagefreeshop.com
Coffee Mugs,Package Free Shop,Package Free Gua Sha,1600.0,Coffee Mug,https://packagefreeshop.com
Coffee Mugs,Package Free Shop,Sustainable Bottle Cleaning Brush,1200.0,Coffee Mug,https://packagefreeshop.com
Coffee Mugs,Package Free Shop,Multi-Purpose Cleaning Spray,1400.0,Coffee Mug,https://packagefreeshop.com
Coffee Mugs,Package Free Shop,Simply Co. Laundry Detergent,2400.0,Coffee Mug,https://packagefreeshop.com
Coffee Mugs,Package Free Shop,Package Free Dish Washing Brush,1200.0,Coffee Mug,https://packagefreeshop.com
Coffee Mugs,Package Free Shop,Digital Gift Card,1000.0,Coffee Mug,https://packagefreeshop.com
Coffee Mugs,Package Free Shop,Airtight Stainless Steel Container,2000.0,Coffee Mug,https://packagefreeshop.com
Coffee Mugs,Package Free Shop,Package Free Body Bar,1615.0,Coffee Mug,https://packagefreeshop.com
Coffee Mugs,Ten Thousand Villages,Ciya Blue Crackle Mug,24.99,Coffee Mug,https://www.tenthousandvillages.com
Coffee Mugs,Ten Thousand Villages,Kaphi Stacking Espresso Mug,12.99,Coffee Mug,https://www.tenthousandvillages.com
Coffee Mugs,Ten Thousand Villages,Ciya Blue Crackle Mug,24.99,Coffee Mug,https://www.tenthousandvillages.com
Coffee Mugs,Ten Thousand Villages,Ciya Blue Crackle Mug,24.99,Coffee Mug,https://www.tenthousandvillages.com
Coffee Mugs,Ten Thousand Villages,Kaphi Stacking Espresso Mug | Set of 4,49.99,Coffee Mug,https://www.tenthousandvillages.com
Coffee Mugs,Ten Thousand Villages,Kaphi Stacking Espresso Mug | Set of 4,49.99,Coffee Mug,https://www.tenthousandvillages.com
Coffee Mugs,Ten Thousand Villages,Ami Tuareg Drop Earrings,79.99,Coffee Mug,https://www.tenthousandvillages.com
Coffee Mugs,Ten Thousand Villages,8 Flower Bouquet Kit,49.99,Coffee Mug,https://www.tenthousandvillages.com
Coffee Mugs,Ten Thousand Villages,Affirmation Bracelet,16.99,Coffee Mug,https://www.tenthousandvillages.com
Coffee Mugs,Ten Thousand Villages,All Products | Ten Thousand Villages,699.0,Coffee Mug,https://www.tenthousandvillages.com
Coffee Mugs,Ten Thousand Villages,Seto Terracotta Berry Bowl,24.99,Coffee Mug,https://www.tenthousandvillages.com
Coffee Mugs,Ten Thousand Villages,Adavi Brass Mini Serving Utensils,24.99,Coffee Mug,https://www.tenthousandvillages.com
Coffee Mugs,Ten Thousand Villages,7 Vibes Bracelet,8.5,Coffee Mug,https://www.tenthousandvillages.com
Coffee Mugs,Ten Thousand Villages,2-in-1 Candleholder - Sunrise,5.24,Coffee Mug,https://www.tenthousandvillages.com
Coffee Mugs,Ten Thousand Villages,Aku Hoop Earrings,24.99,Coffee Mug,https://www.tenthousandvillages.com
Coffee Mugs,Ten Thousand Villages,14 Flower Bouquet Kit,79.99,Coffee Mug,https://www.tenthousandvillages.com
Coffee Mugs,Ten Thousand Villages,Alma Copper Waterfall Drop Earrings,12.5,Coffee Mug,https://www.tenthousandvillages.com
Coffee Mugs,NOVICA,"NOVICA - Home Decor, Jewelry &amp; Gifts by Talented Artisans Worldwide",140.3,Coffee Mug,https://www.novica.com
Coffee Mugs,NOVICA,"NOVICA - Home Decor, Jewelry &amp; Gifts by Talented Artisans Worldwide",140.3,Coffee Mug,https://www.novica.com
Coffee Mugs,DoneGood,12 oz TKWide Insulated Coffee Tumbler with Café Cap,3095.0,Coffee Mug,https://donegood.co
Coffee Mugs,DoneGood,Cocoa-Post Surgery Full Cup Front Closure Silk & Organic Cotton Mastectomy Bra with Removable Paddings,5900.0,Coffee Mug,https://donegood.co
Coffee Mugs,DoneGood,The Organic Padded Sporty Bra,4900.0,Coffee Mug,https://donegood.co
Coffee Mugs,DoneGood,Oxygen Brightener Bleach Alternative Booster - Plastic-Free,1699.0,Coffee Mug,https://donegood.co
Coffee Mugs,DoneGood,Beaded Fringe Earrings in Sienna,900.0,Coffee Mug,https://donegood.co
Coffee Mugs,DoneGood,Matte Mini Hoop Earrings,3400.0,Coffee Mug,https://donegood.co
Coffee Mugs,DoneGood,12 oz TKWide Insulated Water Bottle with Twist Cap,3095.0,Coffee Mug,https://donegood.co
Coffee Mugs,DoneGood,Simple Band Stacking Ring - Hammered Brass,3200.0,Coffee Mug,https://donegood.co
Coffee Mugs,DoneGood,Peter the Rabbit,5900.0,Coffee Mug,https://donegood.co
Coffee Mugs,DoneGood,Brooklyn Tee- Adult,4500.0,Coffee Mug,https://donegood.co
Coffee Mugs,DoneGood,ROLL PACK AW CHARCOAL,11000.0,Coffee Mug,https://donegood.co
Coffee Mugs,DoneGood,Rib Arm Warmers,1000.0,Coffee Mug,https://donegood.co
Coffee Mugs,DoneGood,Crocodile Comforter with Teether,2300.0,Coffee Mug,https://donegood.co
Coffee Mugs,DoneGood,Wool Socks,2000.0,Coffee Mug,https://donegood.co
Coffee Mugs,DoneGood,Corduroy Navy Shacket,9000.0,Coffee Mug,https://donegood.co
Coffee Mugs,DoneGood,"Feminine Hygiene Products
&ndash; DoneGood",3500.0,Coffee Mug,https://donegood.co
Coffee Mugs,DoneGood,HIP PACK AW MUSTARD,3800.0,Coffee Mug,https://donegood.co
Coffee Mugs,Folksy,Cute dachshund coffee mug,14.5,Coffee Mug,https://folksy.com
Coffee Mugs,Folksy,Bird Print Coffee Mug - Starling Large Mug,17.5,Coffee Mug,https://folksy.com
Coffee Mugs,Folksy,"Sipping Coffee - Script Mug: Lyric-Inspired Mug, Music Lover Gift",11.45,Coffee Mug,https://folksy.com
Coffee Mugs,Folksy,"Sipping Coffee - Retro Blue Mug: Lyric-Inspired Mug, Music Lover Gift",11.45,Coffee Mug,https://folksy.com
Coffee Mugs,Folksy,"Tennis Coffee Espresso Mug  Gifts for Tennis Fans, Enthusiasts and Players      ",10.0,Coffee Mug,https://folksy.com
Coffee Mugs,Folksy,Bone china rainbow frog coffee mug cup ceramic children's large espresso cup,10.0,Coffee Mug,https://folksy.com
Coffee Mugs,Folksy,Xmas Coffee Mug Christmas Trees gifts for coffee lovers addicts secret santa  ,10.0,Coffee Mug,https://folksy.com
Coffee Mugs,Folksy,Rainbow Dog Breed Coffee Mug Lover Owner Dachshund Westie Terrier Poodle LGBT,12.0,Coffee Mug,https://folksy.com
Coffee Mugs,Folksy,Trees Silhouette Coffee Mug Gift for Nature Countryside Tree Lover Hugger Woods,12.0,Coffee Mug,https://folksy.com
Coffee Mugs,Folksy,The Only Thing Better Than My Coffee Is My German Shepherd Dog Mug 11oz,8.0,Coffee Mug,https://folksy.com
Coffee Mugs,Folksy,Green Dog Breed Coffee Mug Gift for Lover Owner Dachshund Westie Terrier Poodle,12.0,Coffee Mug,https://folksy.com
Coffee Mugs,Folksy,glass cat  coasters matching china coffee or espresso mug cup gift for cat lover,8.0,Coffee Mug,https://folksy.com
Coffee Mugs,Folksy,Hare Art Print -  Meadow Hare ,12.5,Coffee Mug,https://folksy.com
Coffee Mugs,Folksy,Fused glass seagull garden stake plant pot decoration sun catcher  ,16.0,Coffee Mug,https://folksy.com
Coffee Mugs,Folksy,Faux Shearling Toiletry Bag Make Up Bag ,9.99,Coffee Mug,https://folksy.com
Coffee Mugs,Folksy,"Tiny Mountain, Sun and Ocean Ring Dish B",25.0,Coffee Mug,https://folksy.com
Coffee Mugs,Folksy,Covered A5 notebook - reusable - black &amp; white - special price,27.0,Coffee Mug,https://folksy.com
Coffee Mugs,EcoRoots,Organic Face Oil,2800.0,Coffee Mug,https://ecoroots.us
Coffee Mugs,EcoRoots,Zero Waste Dry Shampoo,2100.0,Coffee Mug,https://ecoroots.us
Coffee Mugs,EcoRoots,Facial Soap Bar,1297.0,Coffee Mug,https://ecoroots.us
Coffee Mugs,EcoRoots,for cart upsells feature (don't delete),0.0,Coffee Mug,https://ecoroots.us
Coffee Mugs,EcoRoots,Mini Rosehip Facial Cream,1400.0,Coffee Mug,https://ecoroots.us
Coffee Mugs,EcoRoots,Face & Body Oil,3200.0,Coffee Mug,https://ecoroots.us
Coffee Mugs,EcoRoots,Natural Loofah,397.0,Coffee Mug,https://ecoroots.us
Coffee Mugs,EcoRoots,Facial Soap Bar - Kit bundle,1297.0,Coffee Mug,https://ecoroots.us
Coffee Mugs,EcoRoots,Pink Clay Soap,1297.0,Coffee Mug,https://ecoroots.us
Coffee Mugs,EcoRoots,Moroccan Oil - Zero Waste Conditioner Bar,1399.0,Coffee Mug,https://ecoroots.us
Coffee Mugs,EcoRoots,Full-Size Kit Complete Skincare,12300.0,Coffee Mug,https://ecoroots.us
Coffee Mugs,EcoRoots,Vegan Lip Balm Set,1597.0,Coffee Mug,https://ecoroots.us
Coffee Mugs,EcoRoots,Zero Waste Laundry Detergent,1919.0,Coffee Mug,https://ecoroots.us
Coffee Mugs,EcoRoots,Mouthwash Tablets,1490.0,Coffee Mug,https://ecoroots.us
Coffee Mugs,EcoRoots,Mini Kit Complete Skincare,2999.0,Coffee Mug,https://ecoroots.us
Coffee Mugs,EcoRoots,Zero-Waste Shaving Kit For Women,5000.0,Coffee Mug,https://ecoroots.us
Coffee Mugs,EcoRoots,Organic Reusable Cotton Rounds - Set of 10,1097.0,Coffee Mug,https://ecoroots.us
Coffee Mugs,Green Eco Dream,Cat Face Coconut Shell Bowl,15.0,Coffee Mug,https://greenecodream.com
Coffee Mugs,Green Eco Dream,Cat Face Coconut Shell Bowl,15.0,Coffee Mug,https://greenecodream.com
Coffee Mugs,Green Eco Dream,"Coconut Shell Candle - Shine Bright with Lemon, Lime &amp; Greenery",30.0,Coffee Mug,https://greenecodream.com
Coffee Mugs,Green Eco Dream,So Berry Kind Coconut Shell Candle,30.0,Coffee Mug,https://greenecodream.com
Coffee Mugs,Green Eco Dream,Literary Light Coconut Shell Candle,30.0,Coffee Mug,https://greenecodream.com
Coffee Mugs,Green Eco Dream,"Coconut Shell Candle - Fearless Bloom with Pink Peppercorn, Plum &amp; Patchouli",30.0,Coffee Mug,https://greenecodream.com
Coffee Mugs,Green Eco Dream,Cat Face Coconut Shell Bowl,15.0,Coffee Mug,https://greenecodream.com
Coffee Mugs,Green Eco Dream,Cat Face Coconut Shell Bowl,15.0,Coffee Mug,https://greenecodream.com
Coffee Mugs,Green Eco Dream,"Coconut Shell Candle - Shine Bright with Lemon, Lime &amp; Greenery",30.0,Coffee Mug,https://greenecodream.com
Coffee Mugs,Green Eco Dream,So Berry Kind Coconut Shell Candle,30.0,Coffee Mug,https://greenecodream.com
Coffee Mugs,Green Eco Dream,Literary Light Coconut Shell Candle,30.0,Coffee Mug,https://greenecodream.com
Coffee Mugs,Green Eco Dream,"Coconut Shell Candle - Fearless Bloom with Pink Peppercorn, Plum &amp; Patchouli",30.0,Coffee Mug,https://greenecodream.com
